{
  "string": [
    {
      "name": "entry_MainAbility",
      "value": "扫码点餐"
    },
    {
      "name": "mainability_description",
      "value": "扫码点餐"
    },
    {
      "name": "mainability_HelloWorld",
      "value": "扫码点餐"
    },
    {
      "name": "usersystem_description",
      "value": "扫码点餐"
    },
    {
      "name": "usersystem_HelloWorld",
      "value": "扫码点餐"
    },
    {
      "name": "entry_UserSystem",
      "value": "扫码点餐"
    },
    {
      "name": "saomiaoability_description",
      "value": "扫码点餐"
    },
    {
      "name": "saomiaoability_HelloWorld",
      "value": "扫码点餐"
    },
    {
      "name": "entry_SaomiaoAbility",
      "value": "扫码点餐"
    },
    {
      "name": "saomiaoslice_description",
      "value": "扫码点餐"
    },
    {
      "name": "saomiaoslice_HelloWorld",
      "value": "扫码点餐"
    },
    {
      "name": "entry_SaomiaoSlice",
      "value": "扫码点餐"
    }
  ]
}